gene_segment,freq
TRBD1,-0.1597978263326465
"TRBD1, TRBD2",0.0771292483984672
TRBD2,-0.12632348062188178
"TRBD2, TRBD1",0.029924683265741898
