gene_segment,freq
TRBJ1-1,0.27465050872694163
TRBJ1-2,0.03214699313425401
TRBJ1-4,0.0003929191827281
TRBJ1-5,0.01559268756720957
TRBJ1-6,6.203987095706819e-05
TRBJ2-1,0.07978327405078914
TRBJ2-2,3.1019935478534204e-05
TRBJ2-3,0.07532674332037372
TRBJ2-5,0.21974522292993648
TRBJ2-6,0.028900239887501043
TRBJ2-7,0.27336835139382876
