gene_segment,freq
TRBD1,0.44873438663247533
"TRBD1, TRBD2",0.05610472330217515
TRBD2,0.32600918190090133
"TRBD2, TRBD1",0.0027711142360821923
