gene_segment,freq
TRBJ1-1,0.06535417848924507
TRBJ1-2,0.06720005986642266
TRBJ1-3,0.0005113590301638667
TRBJ1-4,6.23608573370667e-06
TRBJ1-5,0.04307888024844536
TRBJ1-6,0.04851051092250386
TRBJ2-1,0.09832436376335175
TRBJ2-2,0.00074833028804476
TRBJ2-3,0.03529624525277866
TRBJ2-4,0.00026191560081562
TRBJ2-5,0.3353953990159452
"TRBJ2-5, TRBJ2-7",6.23608573370667e-05
TRBJ2-6,0.0131331965551861
TRBJ2-7,0.29211696402402093
