gene_segment,freq
TRBD1,0.28893656029982884
"TRBD1, TRBD2",0.13323397170064233
TRBD2,0.19968570127901952
"TRBD2, TRBD1",0.032695797501824
