gene_segment,freq
TRBD1,-0.04975618979005947
"TRBD1, TRBD2",0.12400079734710939
TRBD2,0.024445662360020104
"TRBD2, TRBD1",0.008170693938236499
