gene_segment,freq
TRBD1,-0.09197016494319321
"TRBD1, TRBD2",-0.1186957240457876
TRBD2,0.1144537488862368
"TRBD2, TRBD1",-0.004519016287694
