gene_segment,freq
TRBD1,0.11018589998095257
"TRBD1, TRBD2",-0.055838184836219905
TRBD2,-0.055829032692386704
"TRBD2, TRBD1",0.0453794795195781
