gene_segment,freq
TRBJ1-1,0.055230676722270305
TRBJ1-2,-0.0635675295358682
TRBJ1-3,0.00011707519775279972
TRBJ1-4,0.0189050239627788
TRBJ1-5,-0.00925531285389719
TRBJ1-6,0.0308167779889936
TRBJ2-1,0.0168428264484434
TRBJ2-2,0.011302794430150302
TRBJ2-3,-0.021825235292329603
TRBJ2-4,0.0450274626899434
TRBJ2-5,-0.03467600298069051
"TRBJ2-5, TRBJ2-7",-0.0003399048266485
TRBJ2-6,-0.0171352835552874
TRBJ2-7,-0.0314433683956102
