gene_segment,freq
TRBD1,-0.013325171008063796
"TRBD1, TRBD2",0.06465708236074741
TRBD2,0.0314809163553979
"TRBD2, TRBD1",-0.0488825021593849
