gene_segment,freq
TRBJ1-1,0.13698164513936031
TRBJ1-2,0.21700495289890193
TRBJ1-3,0.002962027775080013
TRBJ1-4,0.0010682723123237757
TRBJ1-5,0.07871224628532567
TRBJ1-6,0.03874915023793324
TRBJ2-1,0.06730115567640964
TRBJ2-2,0.03403904049723173
TRBJ2-3,0.08599592114207968
TRBJ2-4,0.002330775954161238
TRBJ2-5,0.20860444789744534
"TRBJ2-5, TRBJ2-7",0.0003399048266485252
TRBJ2-6,0.019860153442750224
TRBJ2-7,0.10605030591434317
