gene_segment,freq
TRBD1,0.3082451199378438
"TRBD1, TRBD2",0.11289696027969223
TRBD2,0.23103816645624828
"TRBD2, TRBD1",0.017238030494318664
