gene_segment,freq
TRBJ1-1,0.19221232186163065
TRBJ1-2,0.15343742336303373
TRBJ1-3,0.0030791029728328145
TRBJ1-4,0.01997329627510253
TRBJ1-5,0.06945693343142847
TRBJ1-6,0.06956592822692681
TRBJ2-1,0.084143982124853
TRBJ2-2,0.04534183492738206
TRBJ2-3,0.06417068584975008
TRBJ2-4,0.04735823864410463
TRBJ2-5,0.1739284449167548
TRBJ2-6,0.002724869887462815
TRBJ2-7,0.0746069375187329
