gene_segment,freq
TRBD1,0.41843101991879644
"TRBD1, TRBD2",0.057058775443472355
TRBD2,0.17520913376386155
"TRBD2, TRBD1",0.06261751001389673
