gene_segment,freq
TRBD1,0.40510584891073265
"TRBD1, TRBD2",0.12171585780421978
TRBD2,0.20669005011925942
"TRBD2, TRBD1",0.013735007854511821
