gene_segment,freq
TRBD1,0.40061599602582854
"TRBD1, TRBD2",0.10485842026825543
TRBD2,0.2088822652757062
"TRBD2, TRBD1",0.006100347739691748
