gene_segment,freq
TRBD1,0.35085980623576907
"TRBD1, TRBD2",0.22885921761536487
TRBD2,0.23332792763572638
"TRBD2, TRBD1",0.014271041677928252
