gene_segment,freq
TRBJ1-1,0.14796188459502313
TRBJ1-2,0.018572436915475395
TRBJ1-3,0.006617257808364123
TRBJ1-4,0.007852479265925201
TRBJ1-5,0.08253926239632935
TRBJ1-6,0.05179107111346372
TRBJ2-1,0.10186165519675291
"TRBJ2-1, TRBJ2-7",4.41150520557614e-05
TRBJ2-2,0.0740691724016233
TRBJ2-3,0.11456679018881218
TRBJ2-4,0.0013675666137286
TRBJ2-5,0.2038556555496734
TRBJ2-6,0.019234162696311945
TRBJ2-7,0.16966649020645796
