gene_segment,freq
TRBD1,0.39182989235927124
"TRBD1, TRBD2",0.11553732133403878
TRBD2,0.1807834833245098
"TRBD2, TRBD1",0.04689430033527446
