gene_segment,freq
TRBD1,0.3922070487733462
"TRBD1, TRBD2",0.17274063310159465
TRBD2,0.17306538527165166
"TRBD2, TRBD1",0.009549915509391712
