gene_segment,freq
TRBJ1-1,0.08807388937509181
TRBJ1-2,0.2188829626204625
TRBJ1-3,0.00199254721291069
TRBJ1-4,0.0016843078650571734
TRBJ1-5,0.16522179472359516
TRBJ1-6,0.07005289607379679
TRBJ2-1,0.02890294313534128
TRBJ2-2,0.001133880458175667
TRBJ2-3,0.009472855672428476
TRBJ2-4,0.0002642051553030926
TRBJ2-5,0.23914969974183725
"TRBJ2-5, TRBJ2-7",0.0029117609824027444
TRBJ2-6,0.0036052995150730556
TRBJ2-7,0.16865095746845965
