gene_segment,freq
TRBD1,0.3980833520353938
"TRBD1, TRBD2",0.16012870920637284
TRBD2,0.1680418771258318
"TRBD2, TRBD1",0.014287421414809234
