gene_segment,freq
TRBJ1-1,0.13867134558829192
TRBJ1-2,0.16721704231139464
TRBJ1-3,0.028446599960942776
TRBJ1-4,0.01864476433915422
TRBJ1-5,0.14623476022954882
TRBJ1-6,0.06355891448240615
TRBJ2-1,0.04761890882805758
TRBJ2-2,0.0446576644058971
TRBJ2-3,0.09017805356470836
TRBJ2-4,0.018076415262065566
TRBJ2-5,0.12994208668634535
"TRBJ2-5, TRBJ2-7",6.99506556416661e-05
TRBJ2-6,0.007129137654145873
TRBJ2-7,0.09955435603133969
