gene_segment,freq
TRBD1,-0.045253170911644214
"TRBD1, TRBD2",0.04717692422744618
TRBD2,-0.0291462894199353
"TRBD2, TRBD1",-0.020705625875459897
