gene_segment,freq
TRBJ1-1,-0.111167017910352
TRBJ1-2,-0.09727484124595032
TRBJ1-3,-0.0044166771150962
TRBJ1-4,0.00012213517567800849
TRBJ1-5,0.13493701601686242
TRBJ1-6,-0.005638110224290602
TRBJ2-1,0.080565062864686
TRBJ2-2,-0.0044728777974031
TRBJ2-3,-0.0090022230098649
TRBJ2-4,-0.0016474822612744999
TRBJ2-5,0.02344951897299649
"TRBJ2-5, TRBJ2-7",-0.004895719950241
TRBJ2-6,0.0006938275034574001
TRBJ2-7,-0.0012526110191846962
