gene_segment,freq
TRBD1,0.04102183059879411
"TRBD1, TRBD2",-0.08277872101331518
TRBD2,0.0148652807378237
"TRBD2, TRBD1",0.09184553071865639
