gene_segment,freq
TRBJ1-1,0.0750716026845485
TRBJ1-2,0.09057058987997389
TRBJ1-3,0.00114330520084564
TRBJ1-4,7.053205858392788e-05
TRBJ1-5,0.0449815777795681
TRBJ1-6,0.05156175019693171
TRBJ2-1,0.025496834534755496
TRBJ2-2,0.0010075614528177
TRBJ2-3,0.0118937589047499
TRBJ2-4,0.0002751805441366523
TRBJ2-5,-0.2604879319282429
"TRBJ2-5, TRBJ2-7",-0.0086414382046941
TRBJ2-6,0.006490126405298301
TRBJ2-7,-0.039469823453025604
"TRBJ2-7, TRBJ2-5",3.63739437161e-05
