gene_segment,freq
TRBD1,-0.02740656786157092
"TRBD1, TRBD2",0.03308094687741278
TRBD2,0.009595914788493587
"TRBD2, TRBD1",-0.06509731718453919
