gene_segment,freq
TRBD1,-0.01184125049486151
"TRBD1, TRBD2",-0.0132482842783338
TRBD2,0.01128824816185181
"TRBD2, TRBD1",0.006793060676283701
