gene_segment,freq
TRBD1,0.016659794722652776
"TRBD1, TRBD2",-0.014964916768706898
TRBD2,-0.03819023069760491
"TRBD2, TRBD1",0.0017123855024718006
