gene_segment,freq
TRBD1,0.44622651055646106
"TRBD1, TRBD2",0.11683859024647984
TRBD2,0.1570734698007633
"TRBD2, TRBD1",0.014681460229402445
