gene_segment,freq
TRBJ1-1,0.17973863346799718
TRBJ1-2,0.19895526191253685
TRBJ1-3,0.011433875723488623
TRBJ1-4,0.003716646645553358
TRBJ1-5,0.1941538349532046
TRBJ1-6,0.08478395398783177
TRBJ2-1,0.04608860252629299
TRBJ2-2,0.02701030177277322
TRBJ2-3,0.06396199628698226
TRBJ2-4,0.005627752903060185
TRBJ2-5,0.09746277893049642
"TRBJ2-5, TRBJ2-7",0.0012303884095954676
TRBJ2-6,0.008186815186922831
TRBJ2-7,0.0776491572931293
