gene_segment,freq
TRBD1,0.45088638928318553
"TRBD1, TRBD2",0.13316224382073824
TRBD2,0.15779185322701497
"TRBD2, TRBD1",0.017654981616974864
