gene_segment,freq
TRBD1,0.00037715641407504163
"TRBD1, TRBD2",0.0572033117675559
TRBD2,-0.007718098052858197
"TRBD2, TRBD1",-0.0373443848258827
