gene_segment,freq
TRBD1,0.0058763032620475775
"TRBD1, TRBD2",-0.01261192389522181
TRBD2,-0.0050235081458198105
"TRBD2, TRBD1",0.004737505905417501
