gene_segment,freq
TRBJ1-1,0.050597456213200095
TRBJ1-2,-0.051665920309067914
TRBJ1-3,0.0264540527480321
TRBJ1-4,0.0169604564740971
TRBJ1-5,-0.018987034494046318
TRBJ1-6,-0.006493981591390599
TRBJ2-1,0.0187159656927163
TRBJ2-2,0.0435237839477215
TRBJ2-3,0.0807051978922799
TRBJ2-4,0.0178122101067625
TRBJ2-5,-0.1092076130554919
"TRBJ2-5, TRBJ2-7",-0.002841810326761034
TRBJ2-6,0.0035238381390727998
TRBJ2-7,-0.06909660143712
