gene_segment,freq
TRBD1,0.43616478019855764
"TRBD1, TRBD2",0.11572862435495733
TRBD2,0.21213382390862948
"TRBD2, TRBD1",0.009808527533581295
