gene_segment,freq
TRBD1,0.417574641254287
"TRBD1, TRBD2",0.11489912457027315
TRBD2,0.2073340826858342
"TRBD2, TRBD1",0.010446493768612656
