gene_segment,freq
TRBJ1-1,0.0033336563860368006
TRBJ1-2,0.0034498838296870005
TRBJ1-3,0.0011641680627452
TRBJ1-5,-0.0371644418235602
TRBJ1-6,0.015819073636074002
TRBJ2-1,0.013129655931401401
"TRBJ2-1, TRBJ2-5",-0.0002109002109002
TRBJ2-2,0.0001963357784406112
TRBJ2-3,0.005512969537376601
TRBJ2-4,-0.000171286613076026
TRBJ2-5,-0.04427265870908392
"TRBJ2-5, TRBJ2-7",-0.0013098013098013
TRBJ2-6,-0.00026641134393980007
TRBJ2-7,0.04078975684861619
