gene_segment,freq
TRBD1,0.049440953769322504
"TRBD1, TRBD2",0.0896899589437608
TRBD2,-0.13715749304126829
"TRBD2, TRBD1",-0.008953435242962
