gene_segment,freq
TRBD1,0.26195579347667386
"TRBD1, TRBD2",-0.006745002242531092
TRBD2,-0.0963135935894866
"TRBD2, TRBD1",0.0154510907430962
