gene_segment,freq
TRBJ1-1,-0.08288518164232811
TRBJ1-2,-0.040339989766763604
TRBJ1-3,9.974008539360843e-05
TRBJ1-4,0.0002815255871568
TRBJ1-5,0.2818739861635304
TRBJ1-6,0.0409829676434552
TRBJ2-1,-0.032221608651748
TRBJ2-2,-0.0017394994507611999
TRBJ2-3,0.010935815203731998
TRBJ2-4,-0.000651746979032139
TRBJ2-5,-0.16982657081448588
TRBJ2-6,0.0114863330239074
TRBJ2-7,-0.017989134305666815
"TRBJ2-7, TRBJ2-5, TRBJ2-3",-6.63609638266386e-06
