gene_segment,freq
TRBD1,-0.10274168711733656
"TRBD1, TRBD2",0.030276689856229208
TRBD2,0.1011984953869679
"TRBD2, TRBD1",-0.011190801301009799
