gene_segment,freq
TRBJ1-1,0.10902488063377079
TRBJ1-2,0.010963603816429197
TRBJ1-3,0.0012938903143424002
TRBJ1-4,4.193868564159196e-05
TRBJ1-5,0.009637888304004583
"TRBJ1-5, TRBJ1-2",-1.23411082315192e-05
TRBJ1-6,-0.1341825428072235
TRBJ2-1,-0.004356044076172901
TRBJ2-2,0.0004538230219106002
TRBJ2-3,0.0081261103954531
TRBJ2-4,-0.00018926546345914664
TRBJ2-5,-0.1011982666951175
"TRBJ2-5, TRBJ2-7",6.98978094026533e-06
TRBJ2-6,-0.0042373597868532
TRBJ2-7,0.1046266949845703
