gene_segment,freq
TRBD1,0.0013105926387276812
"TRBD1, TRBD2",-0.07097199907557121
TRBD2,-0.1328024596865735
"TRBD2, TRBD1",0.0655848985633553
