gene_segment,freq
TRBD1,0.489549810420084
"TRBD1, TRBD2",0.1111819895498096
TRBD2,0.23810735455385806
"TRBD2, TRBD1",0.016058744687103298
