gene_segment,freq
TRBJ1-1,0.17224800923349806
TRBJ1-2,0.19244006941733996
TRBJ1-3,0.006669794322059434
TRBJ1-4,0.003211382451361762
TRBJ1-5,0.08519816326361007
TRBJ1-6,0.07345077264159412
TRBJ2-1,0.05177653594173984
TRBJ2-2,0.01581403459242139
TRBJ2-3,0.15148923449941876
TRBJ2-4,0.0023810314619988806
TRBJ2-5,0.07879200538067227
TRBJ2-6,0.007635077347194356
TRBJ2-7,0.158893889447065
