gene_segment,freq
TRBD1,0.4590782273666978
"TRBD1, TRBD2",0.12932301483836867
TRBD2,0.14922237629845642
"TRBD2, TRBD1",0.031945678438274755
