gene_segment,freq
TRBJ1-1,0.06125541468987476
TRBJ1-2,0.25677133744823255
TRBJ1-3,0.018013264998492415
TRBJ1-4,0.0024911540231342894
TRBJ1-5,0.1058026434793645
TRBJ1-6,0.055233803532043615
TRBJ2-1,0.04242102089713225
TRBJ2-2,0.024725100360185548
TRBJ2-3,0.22810323215334052
TRBJ2-4,0.009345794392523223
TRBJ2-5,0.09416403535217313
TRBJ2-6,0.023110610412071523
TRBJ2-7,0.07856258826142766
