gene_segment,freq
TRBD1,0.5612236802437189
"TRBD1, TRBD2",0.10777414594671722
TRBD2,0.21606794344921612
"TRBD2, TRBD1",0.005613030163590967
