gene_segment,freq
TRBD1,0.4286301673150506
"TRBD1, TRBD2",0.20226460448492822
TRBD2,0.05095360091090202
"TRBD2, TRBD1",0.055856026821014
