gene_segment,freq
TRBJ1-1,0.040041749691621144
TRBJ1-2,0.015276591706992719
TRBJ1-3,0.0002846569883289697
TRBJ1-5,0.030521554859726692
TRBJ1-6,0.006895024828414824
TRBJ2-1,0.003067969763101848
TRBJ2-2,0.0002530284340702785
TRBJ2-3,0.012208621943890448
TRBJ2-5,0.8138343296327923
"TRBJ2-5, TRBJ2-7",3.16285542587848e-05
TRBJ2-6,0.0007590853022107697
TRBJ2-7,0.07682575829458776
