gene_segment,freq
TRBD1,0.47785314768534787
"TRBD1, TRBD2",0.09710817565155228
TRBD2,0.1275258836129942
"TRBD2, TRBD1",0.020968701654171057
