gene_segment,freq
TRBD1,0.39653508167127943
"TRBD1, TRBD2",0.1331060159707148
TRBD2,0.13355730779355782
"TRBD2, TRBD1",0.03038698273808739
