gene_segment,freq
TRBD1,0.41907539768798224
"TRBD1, TRBD2",0.17473938984941492
TRBD2,0.1729160110181271
"TRBD2, TRBD1",0.02071903419321828
