gene_segment,freq
TRBJ1-1,0.13737749362977433
TRBJ1-2,0.19375171880055825
TRBJ1-3,0.02694349192132972
TRBJ1-4,0.014772558573070395
TRBJ1-5,0.13039277483163855
TRBJ1-6,0.0755055403178826
TRBJ2-1,0.03985183634827538
TRBJ2-2,0.04672460494965135
TRBJ2-3,0.10540111025389347
TRBJ2-4,0.013876956998954255
TRBJ2-5,0.11610452254456483
"TRBJ2-5, TRBJ2-7",0.0012849935628634983
TRBJ2-6,0.007819477874015858
TRBJ2-7,0.09019048569348034
"TRBJ2-7, TRBJ2-6",2.43369992966607e-06
