gene_segment,freq
TRBD1,0.4233664397646615
"TRBD1, TRBD2",0.16234482120821614
TRBD2,0.16690557487640847
"TRBD2, TRBD1",0.022377870853276884
