gene_segment,freq
TRBD1,0.010585301295247318
"TRBD1, TRBD2",-0.10936981373118042
TRBD2,0.1161328145322805
"TRBD2, TRBD1",0.027103000382677298
