gene_segment,freq
TRBJ1-1,0.005019189358861503
TRBJ1-2,-0.061539726733066596
TRBJ1-3,0.006747384515902599
TRBJ1-4,0.004679049182966201
TRBJ1-5,-0.03253526151482039
TRBJ1-6,-0.0491680415580852
TRBJ2-1,-0.06237638742400389
TRBJ2-2,0.009502908035338799
TRBJ2-3,0.1239839208702517
TRBJ2-4,0.0163635965041789
TRBJ2-5,0.0291247981772791
"TRBJ2-5, TRBJ2-7",6.5651815318277006e-06
TRBJ2-6,-0.0035317367286237
TRBJ2-7,0.013723742132272093
