gene_segment,freq
TRBD1,0.03905792631772126
"TRBD1, TRBD2",-0.0013531616250103962
TRBD2,0.010147366539940306
"TRBD2, TRBD1",-0.0113929424159059
