gene_segment,freq
TRBD1,0.0052826758450953415
"TRBD1, TRBD2",0.02536755073050599
TRBD2,-0.0516539231998033
"TRBD2, TRBD1",-0.010263182754492601
