gene_segment,freq
TRBJ1-1,0.044254177841961576
TRBJ1-2,0.09657004332576495
TRBJ1-3,0.0009645141324529935
TRBJ1-4,5.1578295853105e-06
TRBJ1-5,0.031194553331956715
TRBJ1-6,0.040880957293169894
TRBJ2-1,0.0679079843201947
TRBJ2-2,0.000753043119455323
TRBJ2-3,0.015055704559519508
TRBJ2-4,0.0002733649680214365
TRBJ2-5,0.3807974004538855
"TRBJ2-5, TRBJ2-7",0.030977924489374864
TRBJ2-6,0.00549308850835521
TRBJ2-7,0.2848720858262776
