gene_segment,freq
TRBD1,0.408412420053631
"TRBD1, TRBD2",0.09660614813286297
TRBD2,0.23190117598513987
"TRBD2, TRBD1",0.008360841757787773
