gene_segment,freq
TRBD1,0.36046738705897335
"TRBD1, TRBD2",0.16980210910037657
TRBD2,0.22109751334461553
"TRBD2, TRBD1",0.003124593151933073
