gene_segment,freq
TRBD1,0.3867443244622028
"TRBD1, TRBD2",0.06900773743729173
TRBD2,0.29267919394609077
"TRBD2, TRBD1",0.006793639996598717
