gene_segment,freq
TRBD1,0.3894592245057714
"TRBD1, TRBD2",0.12995467546170497
TRBD2,0.19952087384116998
"TRBD2, TRBD1",0.001897923565441664
