gene_segment,freq
TRBJ1-1,0.1287668142092076
TRBJ1-2,0.11702755970827583
TRBJ1-3,1.990828914799156e-05
TRBJ1-5,0.05338075930214731
TRBJ1-6,0.0744636375098706
TRBJ2-1,0.0490075717859719
TRBJ2-2,0.003583492046638168
TRBJ2-3,0.01205778712729945
TRBJ2-4,0.0007432427948581638
TRBJ2-5,0.3666974139132377
TRBJ2-6,0.005461507322932177
TRBJ2-7,0.18878366989401923
"TRBJ2-7, TRBJ2-5, TRBJ2-3",6.63609638266386e-06
