gene_segment,freq
TRBD1,0.6514150179824453
"TRBD1, TRBD2",0.12320967321917381
TRBD2,0.10320728025168337
"TRBD2, TRBD1",0.017349014308537802
