gene_segment,freq
TRBD1,0.5486733308651087
"TRBD1, TRBD2",0.153486363075403
TRBD2,0.2044057756386512
"TRBD2, TRBD1",0.006158213007528
