gene_segment,freq
TRBJ1-1,0.10981118104405624
TRBJ1-2,0.06152042453412189
TRBJ1-3,0.0009009009009008384
TRBJ1-5,0.13050721954831504
"TRBJ1-5, TRBJ1-2",1.23411082315192e-05
TRBJ1-6,0.15410341848697962
TRBJ2-1,0.03063063063062982
TRBJ2-2,0.0018388251264961648
TRBJ2-3,0.014982105393063834
TRBJ2-4,0.0002591632728618192
TRBJ2-5,0.3253116129828445
TRBJ2-6,0.004726644452671793
TRBJ2-7,0.1653955325188193
