gene_segment,freq
TRBD1,0.5499839235038364
"TRBD1, TRBD2",0.08251436399983181
TRBD2,0.07160331595207775
"TRBD2, TRBD1",0.0717431115708833
