gene_segment,freq
TRBJ1-1,0.218836061677827
TRBJ1-2,0.07248402835055104
TRBJ1-3,0.0021947912152432535
TRBJ1-4,4.193868564159196e-05
TRBJ1-5,0.1401451078523196
TRBJ1-6,0.0199208756797561
TRBJ2-1,0.026274586554456993
TRBJ2-2,0.00229264814840678
TRBJ2-3,0.023108215788516996
TRBJ2-4,6.989780940265337e-05
TRBJ2-5,0.22411334628772708
"TRBJ2-5, TRBJ2-7",6.98978094026533e-06
TRBJ2-6,0.0004892846658185
TRBJ2-7,0.2700222275033896
