gene_segment,freq
TRBD1,0.02739635929532408
"TRBD1, TRBD2",-0.027862198764348117
TRBD2,-0.038400796601161497
"TRBD2, TRBD1",0.013088302148135101
