gene_segment,freq
TRBD1,-0.018865603491616978
"TRBD1, TRBD2",0.0031907336078081106
TRBD2,0.0651690267141565
"TRBD2, TRBD1",-0.008447070949623301
