gene_segment,freq
TRBJ1-1,0.012283441609718504
TRBJ1-2,0.0036165233398380014
TRBJ1-3,0.009575562937349501
TRBJ1-4,0.004239957934002701
TRBJ1-5,-0.0718640120343137
TRBJ1-6,-0.06560566084625159
TRBJ2-1,0.0171715855560739
TRBJ2-2,0.0102455820457861
TRBJ2-3,0.0671921785071449
TRBJ2-4,0.0035539520446746
TRBJ2-5,-0.025939560790636307
TRBJ2-6,-0.003039270263487501
TRBJ2-7,0.0385597914453992
"TRBJ2-7, TRBJ2-1",9.92851469420175e-06
