gene_segment,freq
TRBD1,-0.08750615781367982
"TRBD1, TRBD2",0.029429433271320193
TRBD2,0.0158104971298976
"TRBD2, TRBD1",0.018550565774133998
