gene_segment,freq
TRBD1,-0.018590138944270584
"TRBD1, TRBD2",-0.0008294997846842039
TRBD2,-0.004799741222795195
"TRBD2, TRBD1",0.0006379662350314008
