gene_segment,freq
TRBD1,0.34137825732898586
"TRBD1, TRBD2",0.10918159609120383
TRBD2,0.2755751221498344
"TRBD2, TRBD1",0.07341205211726354
