gene_segment,freq
TRBJ1-1,0.021040309446252663
TRBJ1-2,0.054982695439738355
TRBJ1-3,0.00014250814332238763
TRBJ1-4,5.08957654723127e-06
TRBJ1-5,0.021986970684038463
TRBJ1-6,0.012540716612377526
TRBJ2-1,0.07106575732898779
TRBJ2-2,0.0003053745928338755
TRBJ2-3,0.009156148208468343
TRBJ2-5,0.5612734120521155
"TRBJ2-5, TRBJ2-7",0.0130394951140065
TRBJ2-6,0.004483916938110545
TRBJ2-7,0.22997760586318913
