gene_segment,freq
TRBD1,0.3277273733126752
"TRBD1, TRBD2",0.0827616729364891
TRBD2,0.2923213100243382
"TRBD2, TRBD1",0.0030980305377294997
