gene_segment,freq
TRBJ1-1,0.0278822748395652
TRBJ1-2,0.0331931843328159
TRBJ1-3,0.0004425757911042
TRBJ1-5,0.0265545474662529
TRBJ1-6,0.044257579110421996
TRBJ2-1,0.0685992476211533
TRBJ2-3,0.0128346979420219
TRBJ2-5,0.4824076123036052
"TRBJ2-5, TRBJ2-7",0.0298738658995353
TRBJ2-6,0.0035406063288336
TRBJ2-7,0.2704138083646786
