gene_segment,freq
TRBD1,0.004659878726724465
"TRBD1, TRBD2",0.016323653574258412
TRBD2,0.0007183834262515787
"TRBD2, TRBD1",0.002973521387572401
