gene_segment,freq
TRBJ1-1,0.0052872909164737025
TRBJ1-2,-0.03625762372503952
TRBJ1-3,-0.016628457238812497
TRBJ1-4,-0.010595768161499599
TRBJ1-5,0.0246846056033852
TRBJ1-6,-0.004644085130979206
TRBJ2-1,0.004502540538572797
TRBJ2-2,-0.0029210676833580987
TRBJ2-3,-0.006454251235348901
TRBJ2-4,0.0008242100670058008
TRBJ2-5,0.017873966959143603
"TRBJ2-5, TRBJ2-7",0.00048336904661549997
TRBJ2-6,-0.0013756278937726001
TRBJ2-7,0.025220897937535694
