gene_segment,freq
TRBD1,-0.013650884016310594
"TRBD1, TRBD2",-0.026419923154714697
TRBD2,0.016746187874503826
"TRBD2, TRBD1",-0.07031402157953409
