gene_segment,freq
TRBJ1-1,0.0068419653933126
TRBJ1-2,-0.0217895111069224
TRBJ1-3,0.0003000676477819
TRBJ1-4,-5.08957654723127e-06
TRBJ1-5,0.004567576782214498
TRBJ1-6,0.031716862498044396
TRBJ2-1,-0.002466509707834408
TRBJ2-2,-0.0003053745928338
TRBJ2-3,0.0036785497335536013
TRBJ2-5,-0.07886579974851027
"TRBJ2-5, TRBJ2-7",0.0168343707855288
TRBJ2-6,-0.0009433106092768999
TRBJ2-7,0.04043620250148949
