gene_segment,freq
TRBD1,0.4120651337721064
"TRBD1, TRBD2",0.1215381656551804
TRBD2,0.20221813830241273
"TRBD2, TRBD1",0.016379605094452097
