gene_segment,freq
TRBJ1-1,0.16358235746644645
TRBJ1-2,0.14464911530899843
TRBJ1-3,0.007340370971877479
TRBJ1-4,0.006977092059149826
TRBJ1-5,0.10951790751346126
TRBJ1-6,0.05910761603555747
TRBJ2-1,0.08700529959825137
TRBJ2-2,0.028592187366440248
TRBJ2-3,0.0930421403538739
TRBJ2-4,0.017319856397982617
TRBJ2-5,0.13758654585861776
"TRBJ2-5, TRBJ2-7",0.005235490212838652
TRBJ2-6,0.01064193520813714
TRBJ2-7,0.1294020856483406
