gene_segment,freq
TRBD1,0.4024716805941921
"TRBD1, TRBD2",0.11386443825439366
TRBD2,0.23707335190340542
"TRBD2, TRBD1",0.020313834726088435
