gene_segment,freq
TRBJ1-1,0.12498701009948121
TRBJ1-2,0.1664556059576981
"TRBJ1-2, TRBJ2-6",1.20836283752595e-06
TRBJ1-3,0.019022047788331064
TRBJ1-4,0.01858703716682092
TRBJ1-5,0.13816904029405735
TRBJ1-6,0.04697873039732967
TRBJ2-1,0.06800666049595011
TRBJ2-2,0.06537967968717077
TRBJ2-3,0.09747863010320633
TRBJ2-4,0.0194872674807788
TRBJ2-5,0.11451412938664692
"TRBJ2-5, TRBJ2-7",0.00204454992109375
TRBJ2-6,0.007865233709454631
TRBJ2-7,0.11102316914902757
