gene_segment,freq
TRBD1,0.40663463699567604
"TRBD1, TRBD2",0.12226336026369837
TRBD2,0.2405391231635628
"TRBD2, TRBD1",0.013301658115483669
