gene_segment,freq
TRBJ1-1,-0.0165559614638863
TRBJ1-2,-0.0127593415942205
TRBJ1-3,-0.0009319662871202609
TRBJ1-4,-5.1578295853105e-06
TRBJ1-5,0.0454881702717399
TRBJ1-6,-0.021254606557588804
TRBJ2-1,0.012940863486079507
TRBJ2-2,0.00025594008585639986
TRBJ2-3,-0.0075697001330129
TRBJ2-4,-0.00020826927735612203
TRBJ2-5,0.020484984652219096
"TRBJ2-5, TRBJ2-7",-0.0308477331080443
TRBJ2-6,-0.005395444972357283
TRBJ2-7,0.01635822272729409
