gene_segment,freq
TRBD1,-0.04794503299465769
"TRBD1, TRBD2",0.07319596096751359
TRBD2,-0.010803662640524292
"TRBD2, TRBD1",-0.0052362486058546995
