gene_segment,freq
TRBD1,0.026276937403229506
"TRBD1, TRBD2",-0.10079437166308479
TRBD2,0.07158168060147521
"TRBD2, TRBD1",0.0036690468446657
