gene_segment,freq
TRBD1,0.07430809999376858
"TRBD1, TRBD2",-0.008837916053285488
TRBD2,-0.020379383540719498
"TRBD2, TRBD1",-0.031981278777043
