gene_segment,freq
TRBD1,-0.043277421865527355
"TRBD1, TRBD2",0.00629270044910199
TRBD2,0.01578007140460902
"TRBD2, TRBD1",-0.0094708953717787
