gene_segment,freq
TRBD1,-0.009593453177914324
"TRBD1, TRBD2",-0.007673727400786798
TRBD2,0.034855213600992696
"TRBD2, TRBD1",0.0039342296316364
