gene_segment,freq
TRBJ1-1,-0.015413369537033594
TRBJ1-2,0.020405666492285285
TRBJ1-3,0.011136880653003299
TRBJ1-4,0.0173720258609951
TRBJ1-5,0.0365025195988737
TRBJ1-6,0.0018227460814275037
TRBJ2-1,-0.032310777778387804
TRBJ2-2,0.027210969550913903
TRBJ2-3,0.004174201335991196
TRBJ2-4,0.0007915642148286009
TRBJ2-5,-0.036156647994192714
"TRBJ2-5, TRBJ2-7",-0.0045595384951043
TRBJ2-6,-0.0007849249945830004
TRBJ2-7,-0.0301913149891192
