gene_segment,freq
TRBD1,0.004162956401483897
"TRBD1, TRBD2",0.008398922009304699
TRBD2,0.003465771260157402
"TRBD2, TRBD1",-0.007012176610604801
