gene_segment,freq
TRBD1,-0.03047158305338621
"TRBD1, TRBD2",0.018141025288559015
TRBD2,-0.08888497825540162
"TRBD2, TRBD1",0.0158869337511715
