gene_segment,freq
TRBD1,0.10214545287702115
"TRBD1, TRBD2",-0.021548868891651404
TRBD2,0.0668455671507597
"TRBD2, TRBD1",-0.0263326482746838
