gene_segment,freq
TRBD1,0.04624502996185609
"TRBD1, TRBD2",0.03429821989674481
TRBD2,-0.07106735603153172
"TRBD2, TRBD1",-0.0070499634922093005
