gene_segment,freq
TRBJ1-1,0.09298711069752626
TRBJ1-2,0.1875878591086377
TRBJ1-3,0.00021779159324450067
TRBJ1-4,0.0021680163145701512
TRBJ1-5,0.19180509632328155
TRBJ1-6,0.07990971548498195
TRBJ2-1,0.041321005009205755
TRBJ2-2,0.01053319341873365
TRBJ2-3,0.0527154651830432
TRBJ2-4,0.00035638624349095026
TRBJ2-5,0.15644366127467405
TRBJ2-6,0.0084344744292869
TRBJ2-7,0.17552022491931665
