gene_segment,freq
TRBD1,0.3979349397113251
"TRBD1, TRBD2",0.13265487952164945
TRBD2,0.19508186983982262
"TRBD2, TRBD1",0.0522402835250556
