gene_segment,freq
TRBD1,0.47224303970509374
"TRBD1, TRBD2",0.12381696346836397
TRBD2,0.17470248629910315
"TRBD2, TRBD1",0.020259004748012698
