gene_segment,freq
TRBD1,0.4289656178395663
"TRBD1, TRBD2",0.13010966391746592
TRBD2,0.19048255770371217
"TRBD2, TRBD1",0.01078810937623397
