gene_segment,freq
TRBJ1-1,0.08936466258219286
TRBJ1-2,0.12008156120456506
TRBJ1-3,0.006751882736532166
TRBJ1-4,1.282408876834245e-05
TRBJ1-5,0.08585086225966751
TRBJ1-6,0.10176876244337323
TRBJ2-1,0.0729305928255622
TRBJ2-2,0.005184137884602017
TRBJ2-3,0.04428799056146958
TRBJ2-4,7.05324882258835e-05
TRBJ2-5,0.2522466200511029
TRBJ2-6,0.005116811418568557
TRBJ2-7,0.21633275945535793
