gene_segment,freq
TRBD1,0.3933404507025947
"TRBD1, TRBD2",0.09865571489485724
TRBD2,0.25135213985950977
"TRBD2, TRBD1",0.026122668821113377
