gene_segment,freq
TRBD1,0.43958548066445086
"TRBD1, TRBD2",0.13295393479160206
TRBD2,0.18028478382797802
"TRBD2, TRBD1",0.019072705328904024
