gene_segment,freq
TRBD1,0.48629271733958757
"TRBD1, TRBD2",0.1557265434022926
TRBD2,0.14110872311452968
"TRBD2, TRBD1",0.005233540596853216
