gene_segment,freq
TRBD1,0.5136890766349116
"TRBD1, TRBD2",0.12786434463794455
TRBD2,0.10270792651336812
"TRBD2, TRBD1",0.018321842744988312
