gene_segment,freq
TRBD1,0.49482347314329467
"TRBD1, TRBD2",0.1310550782457526
TRBD2,0.16787695322752463
"TRBD2, TRBD1",0.009874771795365007
