gene_segment,freq
TRBJ1-1,0.13461886180568627
TRBJ1-2,0.19926274592147686
TRBJ1-3,0.007471696792594282
TRBJ1-4,0.002163934043756584
TRBJ1-5,0.19935606922255628
TRBJ1-6,0.16339160206944278
TRBJ2-1,0.04344199665202453
TRBJ2-2,0.02641049420520546
TRBJ2-3,0.03593530362152609
TRBJ2-4,0.003237152006159205
TRBJ2-5,0.09876521607260388
TRBJ2-6,0.01167707804744261
TRBJ2-7,0.0742678495395055
