gene_segment,freq
TRBD1,0.40731731532961485
"TRBD1, TRBD2",0.16048451151707283
TRBD2,0.1836874503574222
"TRBD2, TRBD1",0.028425337569499012
