gene_segment,freq
TRBJ1-1,0.14690230341540478
TRBJ1-2,0.20287926926131483
TRBJ1-3,0.017047259729943757
TRBJ1-4,0.006403891977759276
TRBJ1-5,0.12749205718824255
TRBJ1-6,0.09778594122319115
TRBJ2-1,0.06061358220809846
TRBJ2-2,0.03665607625099152
TRBJ2-3,0.10312748212867097
TRBJ2-4,0.006791104050833847
TRBJ2-5,0.0728256552819675
TRBJ2-6,0.00863780778395512
TRBJ2-7,0.11282764098490478
"TRBJ2-7, TRBJ2-1",9.92851469420175e-06
