gene_segment,freq
TRBJ1-1,0.02706182706182502
TRBJ1-2,0.06506826506826174
TRBJ1-3,0.0001332001332001332
TRBJ1-5,0.047985347985345976
TRBJ1-6,0.022788322788321734
TRBJ2-1,0.019347319347317763
"TRBJ2-1, TRBJ2-5",0.0002109002109002
TRBJ2-2,8.88000888000888e-05
TRBJ2-3,0.004295704295703976
TRBJ2-4,0.0001998001998001998
TRBJ2-5,0.5885114885114842
"TRBJ2-5, TRBJ2-7",0.0013098013098013
TRBJ2-6,0.0018204018204017443
TRBJ2-7,0.22117882117881157
