gene_segment,freq
TRBD1,0.33952713952713
"TRBD1, TRBD2",0.13379953379953072
TRBD2,0.24461094461093902
"TRBD2, TRBD1",0.0094239094239091
