gene_segment,freq
TRBD1,0.38896809329645254
"TRBD1, TRBD2",0.2234894927432915
TRBD2,0.10745345156967079
"TRBD2, TRBD1",0.00047047418094710715
