gene_segment,freq
TRBJ1-1,0.030395483447861853
TRBJ1-2,0.06851814889794879
TRBJ1-3,0.001297368195945333
TRBJ1-5,0.010820906161785765
TRBJ1-6,0.038607396424395715
TRBJ2-1,0.032476975278719164
TRBJ2-2,0.00028513586724070704
TRBJ2-3,0.00980867383308052
TRBJ2-4,2.8513586724074e-05
TRBJ2-5,0.5442388298024002
TRBJ2-6,0.0015539904764619813
TRBJ2-7,0.26196857802742773
