gene_segment,freq
TRBD1,0.44111530088632
"TRBD1, TRBD2",0.13171794821955823
TRBD2,0.18508494013372226
"TRBD2, TRBD1",0.021546027056444768
