gene_segment,freq
TRBJ1-1,0.1672416809205356
TRBJ1-2,0.15815969522624473
TRBJ1-3,0.004560429948685668
TRBJ1-4,4.37334784636915e-05
TRBJ1-5,0.1686800264344549
TRBJ1-6,0.05082073161250052
TRBJ2-1,0.03793150365417241
TRBJ2-2,0.006098390607992119
TRBJ2-3,0.029459357020679384
TRBJ2-4,0.0018465246462445203
TRBJ2-5,0.20445401181775416
"TRBJ2-5, TRBJ2-7",0.004895719950241001
TRBJ2-6,0.009567913232778275
TRBJ2-7,0.15624028144922603
