gene_segment,freq
TRBD1,0.39586212997467585
"TRBD1, TRBD2",0.17889487244700447
TRBD2,0.15593865071378699
"TRBD2, TRBD1",0.000840401180984816
