gene_segment,freq
TRBJ1-1,0.05607466301018368
TRBJ1-2,0.06088485398029442
TRBJ1-3,0.000143752833589416
TRBJ1-4,0.0001658686541417
TRBJ1-5,0.3036170424513173
TRBJ1-6,0.04518262138820994
TRBJ2-1,0.11849656651885847
TRBJ2-2,0.001625512810589
TRBJ2-3,0.020457134010814414
TRBJ2-4,0.000199042384970016
TRBJ2-5,0.22790353079075068
TRBJ2-6,0.010261740736235632
TRBJ2-7,0.15498767043004139
