gene_segment,freq
TRBJ1-1,0.022100414426521588
TRBJ1-2,0.0697734655017898
TRBJ1-3,9.100582437275988e-05
TRBJ1-5,0.07671090949820579
TRBJ1-6,0.02564264112903129
TRBJ2-1,0.022394433243726253
TRBJ2-2,0.00032902105734764137
TRBJ2-3,0.0030801971326162416
TRBJ2-4,1.400089605734768e-05
TRBJ2-5,0.5476380488351227
"TRBJ2-5, TRBJ2-7",0.009191588261648748
TRBJ2-6,0.0010920698924729104
TRBJ2-7,0.22179519489246896
"TRBJ2-7, TRBJ2-5",0.0001470094086021
