gene_segment,freq
TRBD1,0.4368839605734699
"TRBD1, TRBD2",0.09611615143368923
TRBD2,0.1708039314516106
"TRBD2, TRBD1",0.09268593189964128
