gene_segment,freq
TRBD1,0.409477392711899
"TRBD1, TRBD2",0.129197098311102
TRBD2,0.18039984624010422
"TRBD2, TRBD1",0.027588614715102003
