gene_segment,freq
TRBJ1-1,0.09717201711107007
TRBJ1-2,0.16034405538176374
TRBJ1-3,0.0012343110252184904
TRBJ1-4,7.053205858392788e-05
TRBJ1-5,0.12169248727777382
TRBJ1-6,0.07720439132596299
TRBJ2-1,0.04789126777848178
TRBJ2-2,0.001336582510165318
TRBJ2-3,0.014973956037366185
TRBJ2-4,0.0002891814401940594
TRBJ2-5,0.2871501169068798
"TRBJ2-5, TRBJ2-7",0.0005501500569546133
TRBJ2-6,0.0075821962977712844
TRBJ2-7,0.18232537143944338
"TRBJ2-7, TRBJ2-5",0.0001833833523182
