gene_segment,freq
TRBD1,0.3751454615981371
"TRBD1, TRBD2",0.23041117145073664
TRBD2,0.07665018101887708
"TRBD2, TRBD1",4.040599948280318e-05
