gene_segment,freq
TRBJ1-1,0.14171192138608746
TRBJ1-2,0.21539630204292703
TRBJ1-3,0.0032890483579000604
TRBJ1-4,0.0086711274890094
TRBJ1-5,0.18353213085078848
TRBJ1-6,0.08182214895267637
TRBJ2-1,0.10908003620377482
TRBJ2-2,0.022239462115334882
TRBJ2-3,0.06239494440134454
TRBJ2-4,0.006012412723041021
TRBJ2-5,0.06826997672614424
"TRBJ2-5, TRBJ2-7",8.08119989656064e-06
TRBJ2-6,0.01052172226532186
TRBJ2-7,0.0870506852857507
