gene_segment,freq
TRBD1,0.3857307628933844
"TRBD1, TRBD2",0.12104135771955621
TRBD2,0.19278299555115758
"TRBD2, TRBD1",0.027143406382160198
