gene_segment,freq
TRBJ1-1,0.14673111074494896
TRBJ1-2,0.1538565753098604
TRBJ1-3,0.010036432873802646
TRBJ1-4,0.013350176671975607
TRBJ1-5,0.150996869335968
TRBJ1-6,0.03265410739459118
TRBJ2-1,0.046703648779770957
TRBJ2-2,0.03174237015067367
TRBJ2-3,0.18637886527159625
TRBJ2-4,0.022376009227219985
TRBJ2-5,0.09739477490342335
"TRBJ2-5, TRBJ2-7",1.464638142838834e-05
TRBJ2-6,0.0069899855366981475
TRBJ2-7,0.10077442741802288
