gene_segment,freq
TRBJ1-1,0.11231351343817426
TRBJ1-2,0.13231458189613546
TRBJ1-3,0.019494712294465606
TRBJ1-4,0.020126496131482867
TRBJ1-5,0.20034748111035341
TRBJ1-6,0.08462651587472642
TRBJ2-1,0.04214369830462949
TRBJ2-2,0.0370197455676375
TRBJ2-3,0.11507756772512948
TRBJ2-4,0.0172021731505796
TRBJ2-5,0.10938919045727069
"TRBJ2-5, TRBJ2-7",0.0013611225312233
TRBJ2-6,0.013067705393620871
TRBJ2-7,0.09551549612450802
