gene_segment,freq
TRBD1,0.42478868921110574
"TRBD1, TRBD2",0.11968819609454588
TRBD2,0.20293036209109788
"TRBD2, TRBD1",0.015750463966254225
