gene_segment,freq
TRBJ1-1,0.10961642232304974
TRBJ1-2,0.1844205294238352
TRBJ1-3,0.022317730302408252
TRBJ1-4,0.00847032536081511
TRBJ1-5,0.1665450648669598
TRBJ1-6,0.11917736382498448
TRBJ2-1,0.033493695706695546
TRBJ2-2,0.05538961976637204
TRBJ2-3,0.07626332869726407
TRBJ2-5,0.10849920578824485
TRBJ2-6,0.006129490716462453
TRBJ2-7,0.10967722322290245
