gene_segment,freq
TRBD1,0.430071365056201
"TRBD1, TRBD2",0.14505574682505185
TRBD2,0.15127643889129455
"TRBD2, TRBD1",0.005487281211761665
