gene_segment,freq
TRBD1,0.420429702942
"TRBD1, TRBD2",0.16717073333364946
TRBD2,0.22444381998389967
"TRBD2, TRBD1",0.009954324415718838
