gene_segment,freq
TRBJ1-1,0.06698966375392437
TRBJ1-2,0.05782394283765714
TRBJ1-3,0.0005191024616652883
TRBJ1-5,0.0781452774399084
TRBJ1-6,0.10114864142742971
TRBJ2-1,0.048444473848940045
TRBJ2-2,0.0019288218918738493
TRBJ2-3,0.0042596937295473584
TRBJ2-4,0.0001679449140681
TRBJ2-5,0.46368064002279913
"TRBJ2-5, TRBJ2-7",0.0003867822263388
TRBJ2-6,0.005404772689103125
TRBJ2-7,0.1711002427567382
