gene_segment,freq
TRBD1,0.32845953799880684
"TRBD1, TRBD2",0.04847500928786186
TRBD2,0.33889756887013645
"TRBD2, TRBD1",0.005435308128024828
