gene_segment,freq
TRBD1,-0.08131806601406844
"TRBD1, TRBD2",0.0359978403191626
TRBD2,0.006031424180563599
"TRBD2, TRBD1",0.009418281083916298
