gene_segment,freq
TRBD1,0.02254031601670281
"TRBD1, TRBD2",0.041633373878700086
TRBD2,0.0393587032245693
"TRBD2, TRBD1",-0.0096679485448691
