gene_segment,freq
TRBJ1-1,-0.034179094380689196
TRBJ1-2,-0.0326360120012317
TRBJ1-3,0.0180537090072341
TRBJ1-4,0.010061622517863598
TRBJ1-5,0.012220306554217394
TRBJ1-6,0.0036442987980571107
TRBJ2-1,-0.0025595659338636043
TRBJ2-2,0.023601436034045298
TRBJ2-3,0.023410707326111502
TRBJ2-4,0.0065412638716654
TRBJ2-5,-0.04338272515916841
"TRBJ2-5, TRBJ2-7",0.001223349082802145
TRBJ2-6,0.0020962745672771007
TRBJ2-7,0.011901996015695804
"TRBJ2-7, TRBJ2-6",2.43369992966607e-06
