gene_segment,freq
TRBD1,0.004291042076679297
"TRBD1, TRBD2",-0.012394568641198783
TRBD2,-0.0060104361417187
"TRBD2, TRBD1",0.0016588366600586019
