gene_segment,freq
TRBJ1-1,0.20087874035141753
TRBJ1-2,0.18928414898741436
TRBJ1-3,0.013231815761544209
TRBJ1-4,0.003183894348315247
TRBJ1-5,0.14468789504377125
TRBJ1-6,0.05656755180619763
TRBJ2-1,0.05857423834654474
TRBJ2-2,0.02509444828797618
TRBJ2-3,0.08035439388286345
TRBJ2-4,0.009711058871256228
TRBJ2-5,0.10232652484632529
"TRBJ2-5, TRBJ1-5",3.62217787066652e-06
"TRBJ2-5, TRBJ2-7",0.0057302853913942
TRBJ2-6,0.010149342393607156
TRBJ2-7,0.10022203950346671
