gene_segment,freq
TRBD1,0.4230631309380946
"TRBD1, TRBD2",0.16806180884317978
TRBD2,0.2095792115967562
"TRBD2, TRBD1",0.013441902078042463
