gene_segment,freq
TRBD1,0.41122188044323316
"TRBD1, TRBD2",0.15481352456484596
TRBD2,0.22086745975860805
"TRBD2, TRBD1",0.020234962754326194
