gene_segment,freq
TRBJ1-1,0.1365551149489151
TRBJ1-2,0.15680243116035691
TRBJ1-3,0.018937849757253787
TRBJ1-4,0.012958776513606482
TRBJ1-5,0.1092045608963651
TRBJ1-6,0.05886422315284817
TRBJ2-1,0.07501019160211715
TRBJ2-2,0.05736945484193606
TRBJ2-3,0.1168513508505334
TRBJ2-4,0.016800701676363872
TRBJ2-5,0.09942062286130612
"TRBJ2-5, TRBJ2-7",0.002458337965879747
TRBJ2-6,0.014367070624714073
TRBJ2-7,0.12438695969066593
"TRBJ2-7, TRBJ2-1",1.23534571149736e-05
