gene_segment,freq
TRBD1,0.42788167516588593
"TRBD1, TRBD2",0.13984860779613903
TRBD2,0.1826772290610031
"TRBD2, TRBD1",0.021947348256797977
