gene_segment,freq
TRBJ1-1,0.2133554480490443
TRBJ1-2,0.1971668098411954
TRBJ1-3,0.024248452644126013
TRBJ1-4,0.01970573467576072
TRBJ1-5,0.10505362501278441
TRBJ1-6,0.05055766681816662
TRBJ2-1,0.05995007531535166
TRBJ2-2,0.06326966230638124
TRBJ2-3,0.08471252852583357
TRBJ2-4,0.013038005106689617
TRBJ2-5,0.08060290362726524
"TRBJ2-5, TRBJ2-1",2.37963225163183e-06
"TRBJ2-5, TRBJ2-7",0.00045926902456487303
TRBJ2-6,0.011296114298494954
TRBJ2-7,0.07658132512200648
